的	1	1
我	1	2
你	1	3
是	1	4
了	1	5
不	1	6
在	1	7
他	1	8
我们	1	9
好	1	10
有	1	11
这	1	12
就	2	13
会	1	14
吗	1	15
要	2	16
什么	1	17
说	1	18
她	1	19
想	1	20
一	1	21
很	1	22
知道	2	23
人	1	24
吧	2	25
那	1	26
来	1	27
都	1	28
个	1	29
能	1	30
去	1	31
和	1	32
到	2	33
对	1	34
也	2	35
啊	3	36
还	2	37
把	3	38
让	2	39
做	1	40
给	2	41
上	1	42
过	2	43
没有	1	44
得	2	45
看	1	46
真	2	47
着	2	48
怎么	1	49
现在	1	50
可以	2	51
点	1	52
呢	1	53
如果	3	54
只	3	55
别	2	56
哦	6	57
被	3	58
走	2	59
太	1	60
里	1	61
跟	3	62
告诉	2	63
因为	2	64
自己	3	65
再	1	66
听	1	67
快	2	68
谁	1	69
但是	2	70
多	1	71
用	3	72
时候	1	73
下	1	74
已经	2	75
谢谢	1	76
为什么	2	77
觉得	2	78
像	3	79
它	2	80
从	2	81
先生	1	82
找	2	83
最	2	84
喜欢	1	85
为	2	86
大	1	87
可能	2	88
需要	3	89
死	4	90
次	2	91
出	1	92
干	3	93
嘿	6	94
而	3	95
东西	1	96
应该	3	97
孩子	2	98
起来	3	99
所以	2	100
才	3	101
两	2	102
错	2	103
又	3	104
小	1	105
叫	1	106
嗯	5	107
等	2	108
问题	2	109
一起	2	110
拿	3	111
更	3	112
开始	2	113
爱	1	114
带	3	115
时间	2	116
年	1	117
请	1	118
回	1	119
工作	1	120
然后	3	121
当	3	122
钱	1	123
一样	3	124
事情	2	125
吃	1	126
所有	4	127
开	1	128
一下	2	129
家	1	130
非常	2	131
希望	2	132
哪	1	133
当然	3	134
也许	4	135
行	3	136
朋友	1	137
妈妈	1	138
相信	3	139
嗨	6	140
认为	3	141
今天	1	142
明白	3	143
一直	3	144
杀	5	145
地方	3	146
不过	4	147
发生	4	148
几	1	149
准备	2	150
爸爸	1	151
一切	4	152
抱歉	4	153
比	2	154
感觉	4	155
些	1	156
怎么样	1	157
对不起	1	158
问	2	159
离开	3	160
一定	3	161
还是	3	162
发现	3	163
所	2	164
住	1	165
件	2	166
正	2	167
而且	3	168
必须	3	169
意思	2	170
放	3	171
肯定	4	172
为了	3	173
搞	5	174
棒	4	175
第一	2	176
地	3	177
进	2	178
大家	2	179
新	2	180
您	2	181
向	3	182
三	1	183
以为	4	184
高兴	1	185
嘛	6	186
老	1	187
位	3	188
掉	4	189
先	1	190
生活	4	191
之	4	192
买	1	193
种	3	194
医生	1	195
最后	3	196
任何	4	197
哪儿	1	198
名字	1	199
认识	1	200
坐	1	201
其他	3	202
喝	1	203
记得	3	204
家伙	6	205
与	4	206
或者	3	207
写	1	208
穿	2	209
弄	4	210
过去	3	211
啦	6	212
却	4	213
担心	3	214
继续	4	215
送	2	216
以	2	217
玩	2	218
亲爱	5	219
条	2	220
够	4	221
父亲	4	222
以前	3	223
月	1	224
长	2	225
完全	4	226
宝贝	5	227
号	1	228
枪	5	229
狗	1	230
可是	4	231
世界	3	232
小时	2	233
重要	3	234
谈	4	235
别人	3	236
机会	3	237
岁	1	238
看见	1	239
打电话	1	240
喂	1	241
好像	4	242
警察	4	243
完	2	244
张	3	245
儿子	1	246
漂亮	1	247
分钟	1	248
接	3	249
场	2	250
再见	1	251
刚	3	252
如何	5	253
比赛	3	254
呀	4	255
情况	4	256
关系	3	257
女士	5	258
本	1	259
马上	3	260
决定	3	261
根本	5	262
关于	3	263
难	3	264
只要	4	265
份	4	266
每	2	267
到底	4	268
了解	3	269
明天	1	270
站	2	271
结束	3	272
公司	2	273
成为	4	274
永远	4	275
帮助	2	276
多少	1	277
哇	6	278
确定	5	279
清楚	3	280
晚上	2	281
安全	4	282
块	1	283
留	3	284
愿意	3	285
计划	4	286
俩	4	287
停	4	288
说话	2	289
花	3	290
门	2	291
感谢	4	292
照片	3	293
欢迎	3	294
敢	4	295
兄弟	5	296
从来	4	297
总是	3	298
嘴	3	299
拜托	6	300
女儿	1	301
抓	5	302
小姐	1	303
赢	4	304
消息	4	305
女	1	306
忙	2	307
或许	5	308
拉	4	309
衣服	1	310
救	5	311
参加	3	312
办法	3	313
唯一	5	314
选择	3	315
坏	3	316
原因	4	317
连	4	318
确实	4	319
挺	4	320
水	1	321
保证	4	322
学校	1	323
卖	2	324
接受	4	325
改变	4	326
高	1	327
麻烦	4	328
出现	4	329
打算	3	330
电影	1	331
试	2	332
房间	2	333
不管	4	334
书	1	335
特别	3	336
注意	3	337
甚至	4	338
保护	4	339
真正	4	340
结果	4	341
表现	5	342
拍	5	343
其实	3	344
小心	3	345
路	2	346
呆	5	347
四	1	348
久	3	349
当时	4	350
懂	2	351
只有	3	352
马	3	353
讲	3	354
绝对	5	355
至少	4	356
律师	4	357
整个	5	358
表演	4	359
正在	2	360
无	4	361
笑	2	362
远	2	363
故事	3	364
换	3	365
结婚	3	366
猜	4	367
咱们	4	368
处理	5	369
妻子	2	370
进行	4	371
内	4	372
是否	4	373
段	3	374
行动	5	375
努力	3	376
害怕	3	377
发	3	378
调查	4	379
失去	5	380
成功	4	381
考虑	4	382
刚才	3	383
约会	4	384
节目	3	385
通过	4	386
开心	4	387
母亲	4	388
辆	3	389
主意	4	390
丈夫	2	391
倒	4	392
离	2	393
解释	4	394
往	2	395
万	3	396
联系	4	397
派	5	398
关	1	399
证明	4	400
五	1	401
生命	4	402
靠	5	403
解决	3	404
办公室	3	405
难道	4	406
作为	5	407
奇怪	3	408
由	4	409
男	2	410
同意	3	411
游戏	3	412
帮忙	3	413
指	4	414
危险	4	415
讨厌	4	416
曾经	5	417
眼睛	2	418
国家	3	419
总统	5	420
伤害	5	421
控制	5	422
最近	3	423
声音	3	424
快乐	2	425
偷	5	426
首	4	427
可爱	3	428
哈	5	429
醒	4	430
分	1	431
完成	3	432
医院	1	433
而已	6	434
半	3	435
样子	4	436
少	1	437
有趣	4	438
提	3	439
没关系	1	440
部分	4	441
要求	3	442
糟糕	5	443
除了	3	444
容易	3	445
保持	5	446
虽然	2	447
教	2	448
理解	4	449
证据	5	450
脸	3	451
简单	3	452
夫人	6	453
重	3	454
事实	5	455
飞机	1	456
家庭	5	457
装	5	458
秘密	5	459
尸体	6	460
检查	3	461
早上	2	462
任务	4	463
现场	6	464
使	4	465
转	4	466
博士	4	467
紧张	4	468
二	1	469
简直	5	470
放弃	4	471
电视	1	472
大概	4	473
的确	5	474
药	2	475
音乐	3	476
身体	2	477
血	5	478
方式	5	479
监狱	6	480
读	1	481
重新	4	482
瞧	5	483
疯狂	5	484
其中	4	485
片	3	486
黑	2	487
后面	1	488
昨天	1	489
记录	5	490
来自	4	491
越	3	492
照顾	3	493
太太	5	494
聪明	3	495
本来	4	496
甜	3	497
并且	4	498
直接	4	499
对于	4	500
突然	3	501
啥	6	502
除非	5	503
正常	4	504
死亡	6	505
终于	3	506
拥有	6	507
船	3	508
遍	4	509
咖啡	2	510
傻	5	511
阻止	5	512
想象	5	513
冷静	4	514
方法	4	515
扔	4	516
能力	4	517
完美	5	518
克	4	519
口	3	520
目标	5	521
日	2	522
精神	5	523
另外	4	524
放松	4	525
丢	4	526
休息	2	527
回答	3	528
凶手	6	529
负责	4	530
外	2	531
碰	5	532
梦	4	533
睡觉	1	534
系统	5	535
滚	5	536
礼物	3	537
戴	4	538
错误	4	539
随便	4	540
头发	3	541
关心	3	542
底	4	543
报告	5	544
经历	4	545
六	1	546
老师	1	547
人类	5	548
冲	5	549
自由	5	550
支持	4	551
星期	1	552
脚	3	553
生气	3	554
建议	4	555
套	5	556
哭	3	557
屁股	6	558
生日	2	559
否则	4	560
画	3	561
光	4	562
安排	4	563
年轻	3	564
姑娘	5	565
钥匙	4	566
包	3	567
腿	3	568
选手	6	569
信息	4	570
投票	6	571
哥哥	2	572
手术	5	573
必要	5	574
票	2	575
撒谎	6	576
武器	6	577
痛苦	5	578
全部	4	579
手机	2	580
忘记	3	581
存在	5	582
首先	4	583
组	5	584
照	3	585
交	4	586
十	1	587
以及	5	588
台	4	589
搬	3	590
个人	5	591
代表	5	592
坚持	4	593
意义	5	594
楼	3	595
承认	5	596
理由	5	597
发誓	6	598
显然	5	599
政府	5	600
生意	4	601
心眼儿	6	602
遇到	3	603
火	2	604
猫	1	605
即使	4	606
到处	4	607
幸运	5	608
洗	2	609
挂	4	610
跳舞	2	611
新闻	3	612
信任	5	613
未来	5	614
道歉	4	615
可怜	4	616
实在	4	617
骗	4	618
根	3	619
吓	5	620
原谅	4	621
治疗	5	622
行为	5	623
比较	3	624
双	3	625
婚礼	5	626
弟弟	2	627
组织	5	628
见面	3	629
经常	3	630
老板	5	631
城市	3	632
合作	5	633
一会儿	3	634
乱	4	635
差不多	4	636
支	4	637
老婆	5	638
中心	5	639
可怕	5	640
满	3	641
假	3	642
明显	5	643
研究	4	644
意识	6	645
附近	3	646
打扰	4	647
线索	6	648
消失	5	649
妹妹	2	650
正确	4	651
位置	5	652
答应	5	653
收	4	654
砸	6	655
电脑	1	656
撞	5	657
借	3	658
秒	4	659
似乎	5	660
力量	5	661
命令	5	662
同时	4	663
提供	4	664
威胁	5	665
输	4	666
日子	5	667
号码	4	668
座	4	669
比如	4	670
严重	4	671
享受	5	672
战争	5	673
恭喜	5	674
影响	3	675
利用	5	676
恨	5	677
脱	4	678
陪	4	679
失踪	6	680
认真	3	681
真相	6	682
法律	4	683
训练	5	684
米	1	685
值得	4	686
热	1	687
使用	4	688
差	3	689
方面	4	690
银行	3	691
恐怖	6	692
原来	4	693
性感	6	694
酒吧	5	695
讨论	4	696
身份	5	697
说明	4	698
安静	3	699
模特	5	700
多么	3	701
饿	3	702
学生	1	703
红	2	704
下午	1	705
一旦	5	706
仍然	4	707
动作	4	708
追	5	709
意味着	6	710
受到	4	711
群	5	712
赶	4	713
面对	5	714
怀疑	4	715
慢	2	716
居然	5	717
拒绝	4	718
雷	5	719
演员	4	720
真实	5	721
交易	6	722
破	4	723
人生	5	724
因此	4	725
恶心	6	726
受伤	5	727
夜	5	728
属于	5	729
舞蹈	6	730
根据	3	731
几乎	3	732
答案	4	733
出色	5	734
目前	5	735
活动	4	736
梦想	5	737
锁	5	738
既然	4	739
人员	5	740
英雄	5	741
感受	5	742
副	6	743
事件	6	744
吻	5	745
逃	5	746
通知	4	747
不得不	4	748
无论	4	749
刀	4	750
后来	3	751
适合	4	752
失望	4	753
允许	4	754
意见	4	755
获得	4	756
要是	4	757
近	2	758
数	3	759
公寓	5	760
文件	5	761
白	2	762
寻找	5	763
攻击	6	764
烂	5	765
不然	5	766
邀请	4	767
尽管	4	768
姐姐	2	769
浪费	4	770
动物	3	771
欠	5	772
试图	6	773
反应	5	774
西	1	775
一边	3	776
失败	4	777
舒服	3	778
一般	3	779
介绍	2	780
意外	5	781
字	1	782
责任	4	783
食物	5	784
遗憾	5	785
反正	5	786
设计	5	787
美丽	4	788
压力	4	789
淘汰	6	790
味道	4	791
鱼	2	792
厉害	4	793
醉	5	794
私人	5	795
某	5	796
出发	4	797
伟大	5	798
兴奋	4	799
观众	4	800
臭	5	801
自从	5	802
子弹	6	803
叔叔	3	804
疼	3	805
毒品	6	806
签	4	807
反对	4	808
颗	5	809
精彩	4	810
感情	4	811
袭击	6	812
演出	4	813
朝	5	814
呼吸	5	815
明星	5	816
超级	5	817
灵魂	6	818
破坏	5	819
愉快	4	820
迟到	3	821
爆炸	6	822
开玩笑	4	823
角色	5	824
杂志	4	825
学习	1	826
合适	4	827
顿	5	828
便	2	829
包括	5	830
累	2	831
时刻	5	832
广告	4	833
冷	1	834
相当	5	835
闻	3	836
公平	5	837
玩意儿	6	838
盯	6	839
自然	4	840
堆	5	841
历史	3	842
深	4	843
取	4	844
俱乐部	5	845
通常	5	846
啤酒	3	847
咬	5	848
短	3	849
短信	4	850
地球	4	851
愚蠢	6	852
帅	4	853
经过	3	854
不客气	1	855
造成	5	856
周末	3	857
信号	5	858
跟踪	6	859
推	4	860
关键	4	861
充满	5	862
断	4	863
空	3	864
抱	4	865
究竟	4	866
班	2	867
恐怕	4	868
抢	5	869
课	2	870
现实	5	871
习惯	3	872
上班	2	873
躺	4	874
恢复	5	875
确认	5	876
聚会	4	877
怀孕	5	878
公园	3	879
绑架	6	880
资料	5	881
干净	3	882
婚姻	5	883
鸟	3	884
客户	6	885
健康	3	886
圈	5	887
脑袋	5	888
前面	1	889
分手	5	890
方向	4	891
心理	5	892
幸福	4	893
树	3	894
接着	4	895
项	5	896
将军	6	897
技术	4	898
困难	4	899
记忆	5	900
紧急	5	901
正好	4	902
州	6	903
毫无	6	904
提醒	4	905
旅行	4	906
接近	5	907
逮捕	6	908
吵	5	909
旁边	2	910
激动	4	911
骄傲	4	912
八	1	913
成员	6	914
监视	6	915
权利	5	916
毛	4	917
警告	6	918
冠军	5	919
尝试	6	920
教练	5	921
随时	5	922
对方	5	923
敌人	5	924
搭档	6	925
背	5	926
节	3	927
许多	4	928
人物	5	929
猪	5	930
感激	5	931
中国	1	932
蛋糕	3	933
顺利	4	934
嫁	5	935
挑战	5	936
七	1	937
职业	4	938
菜	1	939
赚	4	940
地址	4	941
于是	4	942
对付	6	943
非	2	944
元	3	945
收拾	4	946
客人	3	947
状态	5	948
周围	4	949
报道	5	950
参与	5	951
运动	2	952
彼此	5	953
荣幸	6	954
会议	3	955
到达	5	956
显示	5	957
队伍	6	958
立刻	5	959
吐	5	960
奶奶	3	961
取消	5	962
离婚	5	963
等待	5	964
爱情	4	965
尽力	5	966
十分	4	967
尊重	4	968
教授	4	969
去年	2	970
超过	4	971
寄	4	972
庆祝	5	973
同志	6	974
偶像	6	975
裤子	3	976
假装	5	977
军队	6	978
侦探	6	979
顺便	4	980
吹	5	981
在乎	5	982
无聊	4	983
状况	5	984
目的	4	985
确保	6	986
心脏	5	987
似的	5	988
耍	6	989
低	4	990
剩	4	991
战斗	6	992
复杂	4	993
社会	4	994
邻居	3	995
故意	4	996
展示	6	997
国王	5	998
项目	5	999
实话	5	1000
集中	5	1001
表情	5	1002
冒险	5	1003
好处	4	1004
胜利	5	1005
竟然	4	1006
官	5	1007
直	3	1008
表示	4	1009
印象	4	1010
出生	4	1011
进展	6	1012
估计	4	1013
地点	4	1014
经理	3	1015
乐意	6	1016
轻松	4	1017
作用	4	1018
举	4	1019
期待	5	1020
小伙子	4	1021
丢三落四	6	1022
保险	5	1023
单独	5	1024
著名	4	1025
专家	5	1026
赶快	5	1027
层	3	1028
风格	5	1029
免费	4	1030
伤心	4	1031
报纸	2	1032
机器	5	1033
解雇	6	1034
颜色	2	1035
时光	6	1036
记者	4	1037
方	3	1038
尽快	5	1039
价值	5	1040
仔细	4	1041
巧克力	4	1042
辣	4	1043
切	4	1044
互相	4	1045
墙	5	1046
厕所	4	1047
无辜	6	1048
彻底	5	1049
搭	6	1050
翻	4	1051
摆	5	1052
过程	4	1053
申请	4	1054
请求	5	1055
恐惧	6	1056
命运	5	1057
引起	4	1058
发展	4	1059
灯	3	1060
惊讶	6	1061
桌子	1	1062
毕业	4	1063
练习	3	1064
机场	2	1065
事业	6	1066
不可思议	6	1067
爷爷	3	1068
正式	4	1069
厨房	4	1070
特殊	5	1071
专业	4	1072
老实	5	1073
吸引	4	1074
士兵	5	1075
年代	5	1076
蓝	3	1077
以来	5	1078
难过	3	1079
心情	4	1080
制造	5	1081
屋子	5	1082
中间	3	1083
退	5	1084
唱歌	2	1085
戒指	5	1086
洞	5	1087
祝贺	4	1088
案件	6	1089
条件	4	1090
作品	5	1091
则	4	1092
千万	4	1093
档案	6	1094
去世	5	1095
规则	5	1096
帽子	3	1097
协议	6	1098
说服	5	1099
司机	3	1100
产生	5	1101
千	2	1102
布	5	1103
接触	5	1104
时代	5	1105
卡车	5	1106
抢劫	6	1107
规矩	5	1108
糖	4	1109
旧	3	1110
部门	5	1111
基本	5	1112
出租车	1	1113
分析	5	1114
代价	6	1115
趟	4	1116
背叛	6	1117
地区	5	1118
天堂	6	1119
导致	5	1120
对待	5	1121
主人	5	1122
释放	6	1123
困	4	1124
由于	4	1125
宣布	5	1126
执行	6	1127
报警	6	1128
密码	4	1129
空间	5	1130
折磨	6	1131
油炸	5	1132
想念	5	1133
倍	4	1134
擦	4	1135
卷	5	1136
尤其	4	1137
经验	4	1138
盒子	4	1139
干杯	4	1140
艘	6	1141
看法	4	1142
罪犯	6	1143
刺	5	1144
程序	5	1145
炒	5	1146
情报	6	1147
情绪	5	1148
创造	5	1149
暴力	6	1150
脏	4	1151
事故	6	1152
艺术	4	1153
满意	3	1154
神经	6	1155
速度	4	1156
牺牲	6	1157
勇敢	4	1158
愤怒	6	1159
数字	4	1160
范围	5	1161
尽量	5	1162
称	5	1163
骑	3	1164
太阳	3	1165
暂时	4	1166
优秀	4	1167
亲自	5	1168
婴儿	6	1169
极	3	1170
笑话	4	1171
可惜	4	1172
响	3	1173
石头	5	1174
省	4	1175
细节	5	1176
顶	5	1177
塔	6	1178
笨	4	1179
科学	4	1180
道理	5	1181
运气	5	1182
主要	3	1183
同事	3	1184
餐厅	4	1185
喊	5	1186
各	4	1187
距离	4	1188
制作	5	1189
鼻子	3	1190
相处	5	1191
度过	5	1192
窗户	4	1193
奇迹	5	1194
空气	4	1195
护士	4	1196
后悔	4	1197
信仰	6	1198
媒体	5	1199
赶紧	5	1200
匹	5	1201
角	3	1202
建立	5	1203
无所谓	5	1204
表达	5	1205
变化	3	1206
大约	4	1207
东	1	1208
一辈子	5	1209
实现	5	1210
神秘	5	1211
政治	5	1212
魔鬼	6	1213
孤独	6	1214
巨大	5	1215
内容	4	1216
惩罚	6	1217
对手	5	1218
神奇	6	1219
年级	3	1220
环境	3	1221
刺激	5	1222
凭	5	1223
规定	4	1224
磅	6	1225
废话	5	1226
效果	4	1227
现金	4	1228
掌握	5	1229
儿童	4	1230
租	1	1231
承诺	6	1232
脖子	5	1233
间谍	6	1234
篇	4	1235
玩具	5	1236
满足	5	1237
确信	6	1238
传统	5	1239
浪漫	4	1240
念	5	1241
哼	6	1242
欣赏	5	1243
重复	5	1244
和平	5	1245
天气	1	1246
尴尬	6	1247
态度	4	1248
支票	5	1249
茶	1	1250
自信	4	1251
生物	6	1252
理论	5	1253
年纪	5	1254
角度	5	1255
轻	3	1256
观察	5	1257
九	1	1258
老鼠	5	1259
龙	5	1260
盖	5	1261
吃惊	4	1262
移动	5	1263
商店	1	1264
不断	5	1265
能量	6	1266
熟悉	4	1267
公主	5	1268
滑	5	1269
清醒	6	1270
指望	6	1271
感染	6	1272
摸	5	1273
抛弃	6	1274
思考	5	1275
好吃	2	1276
胖	3	1277
美妙	6	1278
按照	4	1279
揍	6	1280
地图	3	1281
擅长	6	1282
关闭	5	1283
幻想	5	1284
忍受	6	1285
面包	3	1286
甩	5	1287
伙伴	5	1288
世纪	4	1289
插	5	1290
达到	5	1291
电子邮件	3	1292
回忆	4	1293
动手	6	1294
总之	5	1295
椅子	1	1296
相同	4	1297
清理	6	1298
完毕	6	1299
重点	4	1300
教育	4	1301
耳朵	3	1302
机构	6	1303
亮	1	1304
程度	5	1305
裙子	3	1306
碎	5	1307
即将	6	1308
钻石	6	1309
受不了	4	1310
在于	5	1311
艰难	6	1312
教训	5	1313
坦白	6	1314
慈善	6	1315
皮肤	4	1316
区别	4	1317
权力	5	1318
新鲜	3	1319
左右	4	1320
放心	3	1321
痕迹	6	1322
稳定	5	1323
尊敬	5	1324
数据	5	1325
区域	6	1326
玻璃	5	1327
坚强	5	1328
勇气	5	1329
镜头	6	1330
员工	5	1331
联盟	6	1332
阳光	4	1333
好奇	5	1334
了不起	5	1335
审判	6	1336
基地	6	1337
砍	5	1338
假设	5	1339
嫉妒	6	1340
聊天	3	1341
土地	5	1342
借口	5	1343
平	3	1344
保姆	6	1345
摇滚	6	1346
抱怨	5	1347
承受	5	1348
页	4	1349
时尚	5	1350
文章	4	1351
天赋	6	1352
打架	6	1353
病毒	5	1354
设备	5	1355
打击	6	1356
类似	6	1357
硬	5	1358
标准	4	1359
语言	4	1360
激情	6	1361
注射	6	1362
南	3	1363
娶	5	1364
投资	5	1365
过分	5	1366
一致	5	1367
对象	5	1368
转移	6	1369
管理	4	1370
助手	6	1371
摆脱	6	1372
保密	6	1373
魅力	5	1374
实验	5	1375
误会	4	1376
恋爱	5	1377
话题	5	1378
市场	5	1379
栋	6	1380
团	5	1381
迷人	6	1382
桥	4	1383
建筑	5	1384
损失	5	1385
举行	4	1386
王子	5	1387
自豪	5	1388
肚子	4	1389
开除	6	1390
不仅	4	1391
饼干	4	1392
热情	3	1393
国际	4	1394
仪式	6	1395
投入	5	1396
成熟	5	1397
信心	4	1398
混乱	6	1399
联络	6	1400
表明	5	1401
癌症	6	1402
抬	4	1403
剑	6	1404
幅	5	1405
天才	6	1406
工具	5	1407
骨头	5	1408
踩	5	1409
发射	6	1410
考试	2	1411
生存	6	1412
假如	5	1413
结局	6	1414
合同	5	1415
非法	6	1416
竞争	4	1417
争取	5	1418
胸	5	1419
当地	5	1420
信用卡	3	1421
微笑	5	1422
人家	6	1423
电梯	3	1424
出口	5	1425
左边	2	1426
蛇	5	1427
动机	6	1428
乖	5	1429
欺骗	6	1430
并非	6	1431
同学	1	1432
人质	6	1433
内部	5	1434
扮演	6	1435
系	1	1436
姿势	5	1437
瞎	5	1438
宇宙	6	1439
汤	4	1440
卧室	5	1441
剧本	6	1442
手指	5	1443
哎	5	1444
证实	6	1445
姓	2	1446
资格	5	1447
作家	4	1448
辞职	5	1449
被告	6	1450
诚实	4	1451
合法	5	1452
工厂	5	1453
搜索	5	1454
独立	5	1455
决赛	5	1456
扣	6	1457
顾客	4	1458
网络	5	1459
方便	3	1460
毛病	5	1461
时机	6	1462
存	4	1463
百	2	1464
香	3	1465
辩护	6	1466
打扮	4	1467
交流	4	1468
晕	5	1469
起码	6	1470
公开	5	1471
隐瞒	6	1472
宁愿	6	1473
观点	5	1474
说不定	5	1475
小说	4	1476
交换	5	1477
年龄	4	1478
雪	2	1479
符合	4	1480
拥抱	5	1481
万一	5	1482
社区	6	1483
助理	6	1484
发明	5	1485
贵	2	1486
交通	4	1487
思想	5	1488
重大	5	1489
组合	5	1490
洗手间	3	1491
针对	5	1492
具体	5	1493
领导	5	1494
共同	4	1495
洗澡	3	1496
稍微	4	1497
饮料	3	1498
一点儿	1	1499
主题	5	1500
增加	4	1501
牙齿	5	1502
敲	4	1503
主任	5	1504
绕	5	1505
渴望	6	1506
系领带	5	1507
校长	3	1508
驾驶	5	1509
溜	6	1510
太空	6	1511
生病	2	1512
适应	4	1513
应付	5	1514
毁灭	6	1515
眼神	6	1516
财产	5	1517
古怪	6	1518
进攻	6	1519
水平	3	1520
辛苦	4	1521
然而	4	1522
报复	6	1523
吵架	5	1524
作业	3	1525
服装	5	1526
高级	5	1527
将来	4	1528
耐心	4	1529
沙发	4	1530
欧洲	5	1531
风险	5	1532
挡	5	1533
后果	5	1534
荒谬	6	1535
个性	5	1536
拨	6	1537
最好	4	1538
交往	5	1539
卫星	6	1540
期望	6	1541
嘲笑	6	1542
立即	5	1543
避免	5	1544
保留	5	1545
批	4	1546
禁止	4	1547
捡	5	1548
冒犯	6	1549
持续	5	1550
游泳	2	1551
经济	4	1552
猴子	5	1553
娃娃	6	1554
达成	6	1555
座位	4	1556
夫妇	6	1557
牛奶	2	1558
采取	5	1559
新娘	6	1560
类型	5	1561
升	5	1562
购物	4	1563
抽烟	4	1564
竞选	6	1565
合理	5	1566
金属	5	1567
航班	4	1568
期间	5	1569
暗	5	1570
产品	5	1571
精力	5	1572
退休	5	1573
胡说	5	1574
亲密	6	1575
礼貌	4	1576
指挥	5	1577
割	6	1578
制服	6	1579
法院	5	1580
丑	5	1581
自动	5	1582
直播	6	1583
提前	4	1584
崩溃	6	1585
宗教	6	1586
平静	5	1587
依然	5	1588
右边	2	1589
乘	4	1590
陷入	6	1591
蹲	5	1592
回报	6	1593
发表	5	1594
演讲	5	1595
滴	5	1596
戒	5	1597
便宜	2	1598
成长	5	1599
判断	4	1600
试验	6	1601
深刻	5	1602
划	4	1603
光临	5	1604
衬衫	3	1605
胳膊	4	1606
异常	6	1607
疾病	6	1608
展现	6	1609
诗	5	1610
整理	4	1611
占	4	1612
森林	4	1613
强迫	6	1614
暗示	6	1615
当事人	6	1616
同情	4	1617
唉	5	1618
背景	5	1619
绝望	6	1620
救护车	5	1621
沮丧	6	1622
模仿	5	1623
灾难	6	1624
采访	5	1625
正义	6	1626
评价	5	1627
网站	4	1628
强烈	5	1629
成绩	3	1630
荣誉	6	1631
碗	3	1632
挣	5	1633
阶段	5	1634
违反	5	1635
否认	5	1636
商量	4	1637
技巧	6	1638
中央	6	1639
提议	6	1640
逃避	5	1641
频道	5	1642
物质	5	1643
公共汽车	2	1644
传说	5	1645
时期	5	1646
射击	5	1647
即便	6	1648
伸	5	1649
眼镜	4	1650
愿望	5	1651
起床	2	1652
事物	5	1653
形象	5	1654
兔子	5	1655
绳子	5	1656
阿姨	3	1657
机密	6	1658
发挥	5	1659
纪念	5	1660
倒霉	5	1661
使劲儿	5	1662
忠诚	6	1663
毕竟	5	1664
走廊	6	1665
症状	6	1666
道德	5	1667
当初	6	1668
系列	6	1669
安慰	5	1670
肌肉	5	1671
保重	6	1672
震惊	6	1673
娱乐	5	1674
反抗	6	1675
心灵	6	1676
掩护	6	1677
镜子	4	1678
睁	5	1679
活力	6	1680
经典	5	1681
显得	5	1682
图书馆	3	1683
进步	5	1684
追求	5	1685
苹果	1	1686
天生	6	1687
苦	4	1688
枚	6	1689
不止	6	1690
障碍	6	1691
顾问	6	1692
危机	6	1693
趁	5	1694
敏感	5	1695
博物馆	5	1696
文化	3	1697
遵守	5	1698
保守	6	1699
主管	6	1700
维持	6	1701
绿	3	1702
主义	6	1703
煮	5	1704
承担	5	1705
拆	5	1706
打扫	3	1707
草	3	1708
广播	4	1709
罐	6	1710
天空	5	1711
冰箱	3	1712
视频	6	1713
标记	6	1714
治安	6	1715
出卖	6	1716
专门	4	1717
弹钢琴	4	1718
至于	5	1719
数学	3	1720
登记	5	1721
尝	4	1722
骂	5	1723
打篮球	2	1724
指导	5	1725
流行	4	1726
材料	4	1727
昏迷	6	1728
不安	5	1729
相关	5	1730
身材	5	1731
讽刺	5	1732
侮辱	6	1733
凌晨	6	1734
暴露	6	1735
绅士	6	1736
抓紧	5	1737
鸡蛋	2	1738
公民	6	1739
残忍	6	1740
造型	6	1741
对话	4	1742
圆	5	1743
详细	4	1744
沉默	5	1745
严肃	5	1746
神圣	6	1747
迹象	6	1748
航空	6	1749
仓库	6	1750
码头	6	1751
随着	4	1752
配合	5	1753
称呼	5	1754
大不了	6	1755
本人	6	1756
自行车	3	1757
补偿	6	1758
标志	5	1759
逗	5	1760
冲动	6	1761
着急	3	1762
演奏	6	1763
城堡	6	1764
对抗	6	1765
降落	4	1766
平常	5	1767
本身	6	1768
摇	5	1769
按摩	6	1770
熬	5	1771
奴隶	6	1772
功夫	4	1773
在意	6	1774
完整	5	1775
拜访	6	1776
严格	4	1777
肩膀	5	1778
宣传	5	1779
奖励	6	1780
引擎	6	1781
膝盖	6	1782
谈判	5	1783
瘦	3	1784
日记	4	1785
隔壁	5	1786
自私	5	1787
商业	5	1788
宰	6	1789
提高	3	1790
贼	6	1791
沙漠	5	1792
亿	5	1793
偶尔	4	1794
手套	5	1795
等于	5	1796
面临	5	1797
种族	6	1798
当心	5	1799
出席	5	1800
课程	5	1801
经营	5	1802
舌头	6	1803
字母	5	1804
消灭	6	1805
乐趣	6	1806
项链	5	1807
实际	4	1808
虐待	6	1809
舔	6	1810
起飞	3	1811
薪水	6	1812
友好	4	1813
相反	4	1814
理智	6	1815
哪怕	5	1816
劝	5	1817
原则	5	1818
资金	5	1819
封锁	6	1820
诉讼	6	1821
玉米	5	1822
基因	6	1823
纪录	5	1824
灰	5	1825
宠物	5	1826
广场	5	1827
职位	6	1828
可恶	6	1829
扎	6	1830
限制	5	1831
支援	6	1832
确切	6	1833
压制	6	1834
排练	6	1835
大夫	4	1836
无数	5	1837
评论	6	1838
善良	5	1839
烫	5	1840
基金	6	1841
友谊	4	1842
投降	6	1843
表面	5	1844
智慧	5	1845
主席	5	1846
踢足球	2	1847
准确	4	1848
灵感	6	1849
主动	5	1850
饭店	1	1851
漫画	6	1852
平时	4	1853
对面	4	1854
联合	5	1855
角落	6	1856
预言	6	1857
漏	5	1858
批准	5	1859
气氛	5	1860
策略	6	1861
价格	4	1862
脾气	4	1863
装备	6	1864
体验	5	1865
可靠	5	1866
领先	6	1867
录音	5	1868
中午	1	1869
临时	5	1870
优势	5	1871
编辑	5	1872
性格	4	1873
黄金	5	1874
流氓	6	1875
声明	6	1876
排除	6	1877
温柔	5	1878
成交	6	1879
鼓励	4	1880
皇后	6	1881
成就	5	1882
消防	6	1883
矮	3	1884
方案	5	1885
形容	5	1886
吼	6	1887
利益	5	1888
发动	6	1889
捐	5	1890
军事	5	1891
集团	6	1892
询问	5	1893
地铁	3	1894
协助	6	1895
及时	4	1896
体育	3	1897
迷路	4	1898
结论	5	1899
平衡	5	1900
销售	5	1901
动力	6	1902
阴谋	6	1903
良好	5	1904
性命	6	1905
工人	5	1906
自愿	5	1907
棵	4	1908
协会	6	1909
喉咙	6	1910
祝福	5	1911
措施	5	1912
爆发	6	1913
陷害	6	1914
瞄准	6	1915
化学	5	1916
随意	6	1917
调整	5	1918
荒唐	6	1919
策划	6	1920
弥补	6	1921
胃	5	1922
理想	4	1923
党	6	1924
过敏	5	1925
包裹	5	1926
工资	4	1927
妇女	5	1928
刻	3	1929
判决	6	1930
来源	6	1931
依靠	6	1932
地毯	5	1933
公正	6	1934
陷阱	6	1935
总算	5	1936
委托	6	1937
宴会	5	1938
犬	6	1939
冲突	6	1940
只好	4	1941
指示	6	1942
化妆	6	1943
散步	4	1944
上午	1	1945
端	6	1946
卑鄙	6	1947
怀念	5	1948
代替	5	1949
人士	6	1950
干脆	5	1951
水果	1	1952
脆弱	6	1953
侵犯	6	1954
温暖	5	1955
器官	6	1956
出版	5	1957
崇拜	6	1958
考验	6	1959
主持	5	1960
题	2	1961
连续	5	1962
缺乏	5	1963
义务	5	1964
魔术	6	1965
欲望	6	1966
除	3	1967
蜜蜂	5	1968
实力	6	1969
夸张	5	1970
赌博	6	1971
零	2	1972
处境	6	1973
晃	6	1974
保存	5	1975
感动	4	1976
继承	6	1977
如今	5	1978
染	4	1979
雇佣	6	1980
不如	5	1981
隔离	6	1982
企图	6	1983
无能为力	6	1984
电台	5	1985
迟早	5	1986
护照	3	1987
知识	4	1988
挣扎	6	1989
领袖	6	1990
丁	6	1991
推荐	5	1992
骚扰	6	1993
许可	6	1994
节日	3	1995
难堪	6	1996
汇报	6	1997
鼓掌	5	1998
难受	4	1999
奖金	4	2000
过度	6	2001
撕	5	2002
糊涂	5	2003
肺	6	2004
咨询	5	2005
包围	6	2006
提示	6	2007
燃烧	5	2008
豪华	5	2009
混合	6	2010
青	5	2011
明智	6	2012
幽默	4	2013
轻易	5	2014
武装	6	2015
透露	6	2016
斗争	6	2017
指甲	6	2018
选举	6	2019
足以	6	2020
软	5	2021
人口	5	2022
隐私	6	2023
银	3	2024
功能	5	2025
明确	5	2026
口音	6	2027
旋转	6	2028
穿越	6	2029
回顾	6	2030
扁	6	2031
激烈	5	2032
把握	5	2033
孙子	4	2034
汗	4	2035
收入	4	2036
欢乐	6	2037
酸	4	2038
公里	4	2039
集合	5	2040
环节	6	2041
秘书	5	2042
扶	5	2043
抚养	6	2044
事先	5	2045
闯	5	2046
杯子	1	2047
使命	6	2048
害羞	4	2049
基础	4	2050
残酷	6	2051
酒精	6	2052
场合	6	2053
准时	4	2054
模型	6	2055
复制	5	2056
摄影	5	2057
闪电	5	2058
积极	4	2059
解除	6	2060
评估	6	2061
车库	5	2062
通讯	6	2063
盘子	3	2064
典型	6	2065
给予	6	2066
破产	5	2067
富	4	2068
伪造	6	2069
掩盖	6	2070
力气	4	2071
团结	6	2072
趴	6	2073
翘	6	2074
入口	4	2075
诱惑	6	2076
火箭	6	2077
袜子	4	2078
负担	6	2079
烦恼	4	2080
沙滩	5	2081
着火	5	2082
团体	6	2083
轮胎	6	2084
移民	5	2085
举办	4	2086
摩托车	5	2087
热爱	5	2088
赞成	5	2089
日期	5	2090
倾向	6	2091
遭遇	6	2092
统治	6	2093
嘴唇	6	2094
形式	5	2095
现象	5	2096
结合	5	2097
相似	5	2098
矛盾	5	2099
边缘	6	2100
充分	5	2101
复活	6	2102
双胞胎	6	2103
领域	5	2104
修理	4	2105
据说	5	2106
居民	6	2107
电池	5	2108
平安	5	2109
家乡	5	2110
蜡烛	6	2111
迅速	5	2112
仁慈	6	2113
手表	2	2114
意志	6	2115
前途	5	2116
立场	6	2117
情形	6	2118
一向	6	2119
无比	6	2120
导弹	6	2121
成立	5	2122
现代	5	2123
隧道	6	2124
突破	6	2125
弱	5	2126
本事	6	2127
妨碍	5	2128
一共	3	2129
挥	5	2130
指令	6	2131
装饰	5	2132
石油	6	2133
诊断	5	2134
撤退	6	2135
瓶子	3	2136
悲惨	6	2137
资源	5	2138
成人	5	2139
模式	6	2140
忽略	6	2141
风暴	6	2142
外表	6	2143
独特	5	2144
干扰	6	2145
额外	6	2146
防守	6	2147
欺负	6	2148
减少	4	2149
牵	6	2150
挽救	6	2151
体会	5	2152
腰	5	2153
生产	5	2154
街道	3	2155
播放	5	2156
脱离	6	2157
酗酒	6	2158
光明	5	2159
贷款	5	2160
节奏	6	2161
胆小鬼	5	2162
拼命	6	2163
亲戚	4	2164
钓	5	2165
枕头	6	2166
地震	5	2167
转变	5	2168
情节	6	2169
操作	6	2170
摘	5	2171
最初	5	2172
组成	5	2173
各自	5	2174
屏幕	6	2175
参观	4	2176
专心	5	2177
告别	5	2178
吊	6	2179
简体字	6	2180
地位	5	2181
贡献	5	2182
始终	5	2183
过于	6	2184
呵	6	2185
打交道	5	2186
井	6	2187
账户	5	2188
丰富	4	2189
访问	6	2190
股票	5	2191
慷慨	6	2192
细胞	6	2193
潜力	6	2194
形成	5	2195
行业	5	2196
举动	6	2197
戏剧	5	2198
鸽子	6	2199
抗议	6	2200
执照	5	2201
沟通	5	2202
旅游	2	2203
周年	6	2204
指责	6	2205
汽油	5	2206
哭泣	6	2207
政策	6	2208
财富	6	2209
良心	6	2210
侄子	6	2211
容忍	6	2212
健身	5	2213
披	5	2214
果汁	4	2215
渣	6	2216
尊严	6	2217
寂寞	5	2218
清除	6	2219
毛巾	4	2220
单位	5	2221
收音机	6	2222
论文	5	2223
作者	4	2224
伴侣	6	2225
多亏	5	2226
口味	5	2227
固定	5	2228
锻炼	3	2229
感冒	3	2230
肿瘤	6	2231
遭受	6	2232
注册	5	2233
发布	6	2234
英俊	5	2235
木头	5	2236
气味	6	2237
预算	6	2238
患者	6	2239
公布	5	2240
果然	5	2241
海洋	4	2242
手法	6	2243
爱好	3	2244
滋味	6	2245
作弊	6	2246
至今	5	2247
涉及	6	2248
征服	6	2249
乐观	5	2250
报仇	6	2251
浑身	6	2252
争论	5	2253
布置	6	2254
收藏	6	2255
名片	5	2256
陌生	5	2257
泄露	6	2258
着迷	6	2259
典礼	6	2260
业余	5	2261
抵抗	6	2262
人才	5	2263
战术	6	2264
皆	6	2265
操纵	6	2266
批评	4	2267
局面	6	2268
失业	5	2269
设置	6	2270
全面	5	2271
歪	5	2272
克服	5	2273
超市	3	2274
难怪	5	2275
计算	5	2276
奇妙	6	2277
收获	5	2278
消除	6	2279
歇	5	2280
有利	5	2281
排队	4	2282
代理	6	2283
例如	4	2284
防止	6	2285
纯粹	6	2286
场面	6	2287
窝	6	2288
幢	6	2289
超越	6	2290
谨慎	5	2291
植物	4	2292
明明	6	2293
原始	6	2294
甲	5	2295
服务员	2	2296
不惜	6	2297
犹豫	5	2298
弱点	6	2299
永恒	6	2300
从此	5	2301
祖父	6	2302
家具	4	2303
穷	4	2304
企业	5	2305
投诉	6	2306
下载	5	2307
月亮	3	2308
狮子	5	2309
高潮	6	2310
拽	6	2311
温度	4	2312
盐	4	2313
火焰	6	2314
服从	6	2315
信念	6	2316
贿赂	6	2317
青少年	5	2318
展开	5	2319
签署	6	2320
饱	3	2321
故障	6	2322
舱	6	2323
数量	4	2324
双方	5	2325
创作	6	2326
打仗	6	2327
象征	5	2328
开放	5	2329
逛	4	2330
分散	6	2331
冻	5	2332
忍不住	5	2333
大型	5	2334
咋	6	2335
棕色	6	2336
晒	5	2337
降临	6	2338
官方	6	2339
推测	6	2340
文明	5	2341
坟墓	6	2342
实施	6	2343
曲子	6	2344
舒适	5	2345
大象	5	2346
贵族	6	2347
厚	4	2348
因素	5	2349
敞开	6	2350
陈述	6	2351
边境	6	2352
不足	5	2353
掩饰	6	2354
操心	5	2355
疑问	5	2356
雾	5	2357
维护	6	2358
终点	6	2359
野蛮	6	2360
亚洲	4	2361
从前	5	2362
厌恶	6	2363
运用	5	2364
天真	5	2365
漫长	6	2366
责怪	6	2367
来不及	4	2368
赞助	6	2369
土豆	5	2370
偶然	5	2371
预料	6	2372
正当	6	2373
翅膀	5	2374
堕落	6	2375
有名	3	2376
合并	6	2377
丢人	6	2378
年度	6	2379
列车	5	2380
极端	6	2381
极其	5	2382
香肠	5	2383
师傅	4	2384
机械	6	2385
拘留	6	2386
届	5	2387
污染	4	2388
决心	5	2389
传播	5	2390
从事	5	2391
位于	5	2392
刹车	6	2393
宽	5	2394
裁判	6	2395
笔记本	3	2396
香蕉	3	2397
噪音	6	2398
分裂	6	2399
巡逻	6	2400
迎接	5	2401
蝴蝶	5	2402
呕吐	6	2403
反而	5	2404
定义	6	2405
清洁	6	2406
折	4	2407
恐吓	6	2408
总裁	5	2409
羞耻	6	2410
视线	6	2411
串	6	2412
尾巴	5	2413
帐篷	6	2414
轨道	6	2415
剪刀	5	2416
氧气	6	2417
点心	5	2418
遗传	6	2419
抽屉	5	2420
血压	6	2421
十足	6	2422
朵	3	2423
携带	6	2424
检验	6	2425
狡猾	5	2426
阵	5	2427
守护	6	2428
误解	6	2429
写作	5	2430
鉴于	6	2431
风景	5	2432
震撼	6	2433
例外	6	2434
大厦	5	2435
赞美	5	2436
跳跃	6	2437
地步	6	2438
民主	6	2439
打包	6	2440
其余	5	2441
减肥	4	2442
保卫	6	2443
掐	6	2444
来得及	4	2445
事务	6	2446
宾馆	2	2447
撤销	6	2448
命名	6	2449
防御	6	2450
妄想	6	2451
客厅	4	2452
解放	6	2453
司法	6	2454
结构	5	2455
谣言	6	2456
洒	5	2457
版本	6	2458
缺少	4	2459
证件	5	2460
教室	2	2461
动静	6	2462
报酬	6	2463
热烈	5	2464
发言	5	2465
能源	5	2466
辩论	5	2467
摔倒	5	2468
胃口	5	2469
丧失	6	2470
着想	6	2471
人性	6	2472
铺	6	2473
粗鲁	6	2474
辐射	6	2475
传染	5	2476
带领	6	2477
落后	5	2478
不要紧	5	2479
实习	5	2480
特征	5	2481
忽视	5	2482
挪	6	2483
老虎	4	2484
迫不及待	6	2485
赔偿	5	2486
潜水	6	2487
光荣	6	2488
逻辑	5	2489
挨	6	2490
违背	6	2491
正经	6	2492
瞬间	6	2493
肥皂	5	2494
物理	5	2495
遗产	6	2496
圈套	6	2497
看待	6	2498
降低	4	2499
云	4	2500
人格	6	2501
拦	5	2502
管子	5	2503
惊奇	6	2504
输入	5	2505
珍贵	6	2506
思维	6	2507
质量	4	2508
夏	3	2509
先进	6	2510
宝贵	5	2511
真理	6	2512
级别	6	2513
竞赛	6	2514
情景	5	2515
概念	5	2516
学期	4	2517
垫	6	2518
招待	5	2519
逐渐	5	2520
引导	6	2521
革命	6	2522
修改	5	2523
安装	5	2524
岩石	6	2525
学位	6	2526
嫌疑	6	2527
干涉	6	2528
迷惑	6	2529
交叉	6	2530
元首	6	2531
纳闷儿	6	2532
人间	6	2533
分别	5	2534
本能	6	2535
修复	6	2536
蔬菜	5	2537
语气	5	2538
拳头	6	2539
认定	6	2540
奋斗	5	2541
培养	5	2542
一流	6	2543
抵达	6	2544
设施	5	2545
握手	5	2546
成果	5	2547
珍惜	5	2548
秩序	5	2549
形状	5	2550
锅	5	2551
发觉	6	2552
悲哀	6	2553
坑	6	2554
跑步	2	2555
装修	5	2556
成分	5	2557
卫生间	4	2558
居住	6	2559
催	5	2560
阴	2	2561
影子	5	2562
别墅	6	2563
其次	4	2564
呈现	6	2565
网球	4	2566
和解	6	2567
元素	6	2568
失误	6	2569
等候	6	2570
识别	6	2571
薄	5	2572
传达	6	2573
税	5	2574
铃	5	2575
贪婪	6	2576
清晰	6	2577
捏	6	2578
镇定	6	2579
打招呼	4	2580
麻醉	6	2581
细菌	6	2582
仪器	6	2583
无知	6	2584
眼光	6	2585
表格	4	2586
宿舍	5	2587
往常	6	2588
放大	6	2589
亲热	6	2590
杰出	6	2591
风趣	6	2592
诞生	6	2593
忠实	6	2594
痒	5	2595
浓	5	2596
以便	6	2597
符号	6	2598
指定	6	2599
仿佛	5	2600
鉴定	6	2601
阅读	4	2602
蹦	6	2603
推销	6	2604
纤维	6	2605
宣誓	6	2606
盗窃	6	2607
要不	5	2608
煎	6	2609
捣乱	6	2610
信封	4	2611
哄	6	2612
终身	6	2613
跪	6	2614
雷达	6	2615
需求	6	2616
福利	6	2617
探索	6	2618
牵扯	6	2619
驱逐	6	2620
循环	6	2621
业务	5	2622
财务	6	2623
局势	6	2624
顺序	4	2625
菜单	3	2626
终止	6	2627
上网	3	2628
北方	3	2629
运行	6	2630
运输	5	2631
制定	5	2632
模样	6	2633
峡谷	6	2634
含义	6	2635
收据	5	2636
登陆	6	2637
频率	6	2638
资助	6	2639
优先	6	2640
以往	6	2641
拖延	6	2642
争夺	6	2643
挖掘	6	2644
宁可	5	2645
回避	6	2646
赋予	6	2647
工程师	5	2648
警惕	6	2649
放暑假	4	2650
妥协	6	2651
神话	5	2652
桃	5	2653
精确	6	2654
耽误	5	2655
待遇	5	2656
问候	5	2657
提问	5	2658
钞票	6	2659
依赖	6	2660
上瘾	6	2661
演绎	6	2662
坚定	6	2663
气色	6	2664
倾听	6	2665
打工	5	2666
核心	5	2667
开发	5	2668
电源	6	2669
意图	6	2670
文字	5	2671
维修	5	2672
玩弄	6	2673
新郎	6	2674
童话	6	2675
吩咐	6	2676
高尚	6	2677
保管	6	2678
偏见	6	2679
本质	5	2680
麦克风	5	2681
解散	6	2682
仍旧	6	2683
战略	6	2684
季节	3	2685
焦点	6	2686
无耻	6	2687
模糊	5	2688
统一	5	2689
封闭	6	2690
首要	6	2691
脉搏	6	2692
出路	6	2693
分配	5	2694
补充	5	2695
花生	5	2696
嘉宾	5	2697
走私	6	2698
动脉	6	2699
掏	6	2700
目睹	6	2701
形势	5	2702
恶化	6	2703
平等	5	2704
软件	5	2705
浅	5	2706
乘坐	4	2707
零件	5	2708
会计	5	2709
多余	5	2710
青春	5	2711
宪法	6	2712
阻碍	6	2713
监督	6	2714
发抖	5	2715
幼稚	6	2716
极限	6	2717
工业	5	2718
面子	6	2719
严厉	6	2720
激励	6	2721
歧视	6	2722
港口	6	2723
体贴	5	2724
特定	6	2725
日常	5	2726
耳环	5	2727
曝光	6	2728
引用	6	2729
扑	6	2730
面条	2	2731
古董	6	2732
飘	5	2733
纯洁	6	2734
渴	3	2735
发烧	3	2736
压抑	6	2737
冰激凌	5	2738
知觉	6	2739
流浪	6	2740
重视	4	2741
善于	5	2742
进化	6	2743
推迟	4	2744
发行	6	2745
挽回	6	2746
缺点	4	2747
球迷	5	2748
遥远	6	2749
途径	6	2750
着手	6	2751
集体	5	2752
改进	5	2753
炫耀	6	2754
唠叨	6	2755
加油站	4	2756
时髦	5	2757
摇摆	6	2758
目光	6	2759
生长	5	2760
吸收	5	2761
保障	6	2762
首都	4	2763
镇静	6	2764
测验	5	2765
处置	6	2766
名誉	6	2767
担任	5	2768
束	3	2769
刑事	6	2770
生理	6	2771
腐烂	6	2772
解剖	6	2773
容器	6	2774
统计	6	2775
打猎	6	2776
融化	6	2777
空白	6	2778
捞	6	2779
怪不得	5	2780
跨	6	2781
随身	5	2782
场所	6	2783
奉献	6	2784
祖国	6	2785
培训	5	2786
县	5	2787
改善	5	2788
精心	6	2789
要命	6	2790
总共	5	2791
文学	5	2792
冷酷	6	2793
床单	6	2794
固执	6	2795
打听	5	2796
日程	5	2797
平均	5	2798
和谐	6	2799
彩虹	5	2800
榜样	6	2801
勉强	6	2802
劳驾	5	2803
此外	5	2804
制度	5	2805
纠正	6	2806
关照	6	2807
条款	6	2808
羡慕	4	2809
包装	6	2810
中断	6	2811
损坏	6	2812
担保	6	2813
报答	6	2814
番	6	2815
英勇	6	2816
液体	6	2817
粒	6	2818
单纯	5	2819
势力	6	2820
相对	5	2821
扩大	5	2822
认可	6	2823
资产	6	2824
录取	5	2825
占领	6	2826
注视	6	2827
销毁	6	2828
饥饿	6	2829
阳台	5	2830
财政	6	2831
上级	6	2832
牛仔裤	5	2833
差别	6	2834
憋	6	2835
制止	6	2836
磕	6	2837
缺陷	6	2838
依旧	6	2839
简历	5	2840
后背	5	2841
利润	5	2842
言论	6	2843
活该	6	2844
部位	6	2845
恰当	6	2846
窗帘	5	2847
脂肪	6	2848
零钱	4	2849
磁带	6	2850
重量	5	2851
埋葬	6	2852
塌	6	2853
占据	6	2854
华丽	6	2855
丝毫	5	2856
懒	4	2857
岗位	6	2858
疤	6	2859
暖和	4	2860
前提	6	2861
横	6	2862
答复	6	2863
不但	3	2864
商品	5	2865
反复	5	2866
大伙儿	6	2867
出差	4	2868
民族	4	2869
台阶	5	2870
光芒	6	2871
揭露	6	2872
突出	5	2873
辣椒	5	2874
涨	5	2875
粉色	6	2876
比方	6	2877
近来	6	2878
出示	5	2879
屈服	6	2880
传真	4	2881
地道	5	2882
膜	6	2883
强调	5	2884
诈骗	6	2885
展览	5	2886
崭新	6	2887
优点	4	2888
活跃	5	2889
是非	6	2890
亦	6	2891
转告	5	2892
空调	3	2893
彩票	6	2894
履行	6	2895
垃圾桶	4	2896
下雨	1	2897
照相机	3	2898
删除	5	2899
昂贵	6	2900
回收	6	2901
家属	6	2902
沉重	6	2903
豆腐	5	2904
化验	6	2905
束缚	6	2906
蚂蚁	6	2907
舅舅	5	2908
演习	6	2909
僵硬	6	2910
忧郁	6	2911
全力以赴	6	2912
平凡	6	2913
夸	5	2914
比喻	6	2915
免得	6	2916
泼	4	2917
贩卖	6	2918
瘫痪	6	2919
黎明	6	2920
传单	6	2921
忽然	5	2922
顽固	6	2923
万分	6	2924
加班	4	2925
包含	5	2926
农民	5	2927
皇帝	6	2928
协调	6	2929
志愿者	5	2930
罕见	6	2931
跟随	6	2932
铅笔	2	2933
危害	5	2934
缘故	6	2935
为难	6	2936
安宁	6	2937
兑现	6	2938
起初	6	2939
恶劣	5	2940
腐败	6	2941
当场	6	2942
毫米	6	2943
当面	6	2944
责备	5	2945
房东	4	2946
往事	6	2947
分辨	6	2948
春	3	2949
片刻	6	2950
油漆	6	2951
方位	6	2952
溅	6	2953
难得	6	2954
功劳	6	2955
哲学	5	2956
恩怨	6	2957
反映	5	2958
按时	4	2959
安置	6	2960
原告	6	2961
行政	6	2962
信赖	6	2963
葡萄	4	2964
往往	4	2965
嫌	6	2966
柜台	5	2967
战役	6	2968
跌	6	2969
殴打	6	2970
偿还	6	2971
作风	6	2972
权威	6	2973
火车站	2	2974
抄	5	2975
眉毛	5	2976
智商	6	2977
悄悄	5	2978
罢工	6	2979
兜	6	2980
迈	6	2981
接待	5	2982
贸易	5	2983
师范	6	2984
强制	6	2985
高速公路	4	2986
便利	6	2987
免疫	6	2988
烹饪	6	2989
特色	5	2990
何况	5	2991
澄清	6	2992
得意	4	2993
扩散	6	2994
具备	5	2995
辅导	5	2996
依据	6	2997
竭尽全力	6	2998
预期	6	2999
过失	6	3000
伞	3	3001
图案	6	3002
拧	6	3003
特点	4	3004
后代	6	3005
对比	5	3006
拿手	6	3007
卡通	6	3008
规划	6	3009
纪律	5	3010
孔	6	3011
色彩	5	3012
支撑	6	3013
构成	5	3014
航行	6	3015
执着	6	3016
消化	5	3017
围巾	5	3018
姑姑	5	3019
车厢	5	3020
淋	6	3021
伴随	6	3022
同胞	6	3023
沼泽	6	3024
体现	5	3025
乐器	5	3026
案例	6	3027
体面	6	3028
折腾	6	3029
恼火	6	3030
合格	4	3031
珍珠	6	3032
规律	5	3033
祖先	6	3034
导航	6	3035
密切	5	3036
不得了	5	3037
临床	6	3038
探望	6	3039
外界	6	3040
迟钝	6	3041
性别	4	3042
事态	6	3043
颇	6	3044
准则	6	3045
外交	5	3046
观念	5	3047
初步	6	3048
报名	4	3049
否定	5	3050
公斤	3	3051
覆盖	6	3052
递	5	3053
浇	5	3054
先前	6	3055
鼓舞	5	3056
示范	6	3057
规模	5	3058
挑剔	6	3059
边界	6	3060
通缉	6	3061
佩服	5	3062
飞翔	6	3063
嗓子	5	3064
无赖	6	3065
召开	5	3066
艰苦	5	3067
以免	6	3068
整体	5	3069
搭配	6	3070
扰乱	6	3071
统统	6	3072
报到	5	3073
报社	5	3074
饮食	6	3075
个子	3	3076
吨	5	3077
启发	5	3078
幼儿园	5	3079
热门	6	3080
审查	6	3081
手工	5	3082
营养	5	3083
虚伪	6	3084
匆忙	5	3085
威力	6	3086
推翻	6	3087
谴责	6	3088
测量	6	3089
盆	5	3090
从而	5	3091
互联网	4	3092
敬礼	6	3093
吸取	5	3094
及格	5	3095
吹牛	6	3096
特意	6	3097
成天	6	3098
激发	6	3099
何必	5	3100
辨认	6	3101
奖赏	6	3102
压迫	6	3103
发财	6	3104
姿态	6	3105
火柴	5	3106
界限	6	3107
品尝	6	3108
金融	6	3109
丸	6	3110
可行	6	3111
雕塑	6	3112
种子	6	3113
共和国	6	3114
隐蔽	6	3115
目录	5	3116
嫩	5	3117
人工	6	3118
手势	6	3119
充足	6	3120
淡	5	3121
熊猫	3	3122
散发	6	3123
水泥	6	3124
群众	6	3125
口气	6	3126
公关	6	3127
产业	6	3128
景色	4	3129
气质	6	3130
争议	6	3131
采集	6	3132
旋律	6	3133
品质	6	3134
任命	6	3135
琢磨	6	3136
现状	6	3137
宽容	6	3138
俘虏	6	3139
颠倒	6	3140
等级	6	3141
大使馆	4	3142
宫殿	6	3143
算数	6	3144
总结	4	3145
痛快	5	3146
结实	5	3147
喇叭	6	3148
旗帜	6	3149
莫名其妙	6	3150
综合	5	3151
探测	6	3152
智力	6	3153
期限	6	3154
分歧	6	3155
手续	5	3156
优美	5	3157
当选	6	3158
用户	6	3159
反常	6	3160
原先	6	3161
书面	6	3162
古代	5	3163
热闹	4	3164
遥控	6	3165
壶	5	3166
导演	5	3167
围绕	5	3168
光彩	6	3169
延长	5	3170
反感	6	3171
颤抖	6	3172
砖	6	3173
空虚	6	3174
外公	5	3175
否决	6	3176
交代	6	3177
踪迹	6	3178
苍白	6	3179
排斥	6	3180
兼职	5	3181
忙碌	6	3182
营业	5	3183
利息	5	3184
设想	6	3185
郊区	4	3186
终究	6	3187
咳嗽	4	3188
延续	6	3189
视力	6	3190
内在	6	3191
样品	6	3192
忍耐	6	3193
实行	6	3194
棉花	6	3195
铜	6	3196
消费	5	3197
题目	5	3198
签证	4	3199
岸	5	3200
啃	6	3201
岁月	6	3202
约束	6	3203
预订	5	3204
专长	6	3205
灭亡	6	3206
辩解	6	3207
值班	6	3208
效率	5	3209
部署	6	3210
合成	6	3211
墨水儿	6	3212
补救	6	3213
体系	6	3214
记载	6	3215
咸	4	3216
疲惫	6	3217
生效	6	3218
供给	6	3219
埋伏	6	3220
温和	6	3221
教养	6	3222
疑惑	6	3223
不顾	6	3224
抚摸	6	3225
标题	6	3226
预防	5	3227
休闲	5	3228
缓解	5	3229
搏斗	6	3230
火药	6	3231
耀眼	6	3232
刷牙	3	3233
拾	4	3234
谦虚	5	3235
昆虫	5	3236
清晨	6	3237
鼻涕	6	3238
出身	6	3239
迷信	6	3240
讨好	6	3241
灿烂	6	3242
野心	6	3243
季度	6	3244
瞪	6	3245
客观	5	3246
任意	6	3247
坚决	5	3248
理所当然	6	3249
残留	6	3250
挑衅	6	3251
视野	6	3252
职务	6	3253
流泪	5	3254
粉碎	6	3255
摊	6	3256
动身	6	3257
亲切	5	3258
疏远	6	3259
感想	5	3260
公道	6	3261
擅自	6	3262
比例	5	3263
必然	5	3264
翼	6	3265
辉煌	6	3266
废墟	6	3267
敏锐	6	3268
蔓延	6	3269
扒	6	3270
爱心	5	3271
致力	6	3272
过期	5	3273
海关	5	3274
密封	6	3275
轰动	6	3276
打印	4	3277
消极	5	3278
夏令营	5	3279
眨	6	3280
审理	6	3281
呼唤	6	3282
首饰	6	3283
弦	6	3284
勿	5	3285
设立	6	3286
延期	6	3287
日历	5	3288
北极	6	3289
拥挤	5	3290
淘气	5	3291
蒸发	6	3292
登录	6	3293
盲目	6	3294
竖	6	3295
看望	5	3296
冲击	6	3297
透明	5	3298
梨	5	3299
建设	5	3300
节省	5	3301
支配	6	3302
活泼	4	3303
热心	5	3304
复习	3	3305
频繁	6	3306
畏惧	6	3307
时常	6	3308
克制	6	3309
证书	6	3310
壮观	6	3311
劳动	5	3312
灵活	5	3313
家务	5	3314
成本	6	3315
流传	5	3316
住宅	6	3317
思念	6	3318
归还	6	3319
条约	6	3320
参考	5	3321
欣慰	6	3322
一贯	6	3323
捧	6	3324
称赞	5	3325
削	6	3326
侵略	6	3327
躲藏	5	3328
丰满	6	3329
股份	6	3330
邮局	4	3331
拐杖	6	3332
推理	6	3333
授予	6	3334
牙膏	4	3335
冬	3	3336
更新	6	3337
玉	5	3338
储存	6	3339
蛋白质	6	3340
庞大	6	3341
验证	6	3342
侧面	6	3343
包袱	6	3344
古典	5	3345
坡	6	3346
不择手段	6	3347
扛	6	3348
潮流	6	3349
纽扣儿	6	3350
徘徊	6	3351
改革	5	3352
捍卫	6	3353
臂	6	3354
周到	5	3355
备忘录	6	3356
泡沫	6	3357
层次	6	3358
摩擦	6	3359
预先	6	3360
戒备	6	3361
辅助	6	3362
严密	6	3363
原理	6	3364
劈	6	3365
将近	6	3366
苏醒	6	3367
创新	6	3368
渠道	6	3369
气候	4	3370
奔驰	6	3371
高档	5	3372
塑造	6	3373
当前	6	3374
名牌	5	3375
快活	6	3376
收益	6	3377
况且	6	3378
消毒	6	3379
散布	6	3380
实践	5	3381
讨价还价	5	3382
捕捉	6	3383
偏偏	6	3384
数码	5	3385
瀑布	6	3386
勺子	4	3387
麻痹	6	3388
得罪	6	3389
付款	4	3390
岂有此理	6	3391
笨拙	6	3392
救济	6	3393
灰尘	5	3394
零食	5	3395
总理	5	3396
锋利	6	3397
让步	6	3398
高明	6	3399
枝	6	3400
机遇	6	3401
隆重	6	3402
扭转	6	3403
大方	5	3404
诽谤	6	3405
专利	6	3406
意料	6	3407
洪水	6	3408
声誉	6	3409
别扭	6	3410
个别	5	3411
厘米	5	3412
愈	6	3413
拣	6	3414
发达	5	3415
区分	6	3416
喜悦	6	3417
机灵	6	3418
紫	5	3419
预报	5	3420
音响	6	3421
精致	6	3422
米饭	1	3423
地理	5	3424
盼望	5	3425
陆地	5	3426
开支	6	3427
抢救	6	3428
残疾	6	3429
把手	6	3430
惭愧	5	3431
请假	3	3432
迄今为止	6	3433
生育	6	3434
股东	6	3435
发育	6	3436
消耗	6	3437
一如既往	6	3438
辜负	6	3439
性质	5	3440
风度	6	3441
分解	6	3442
浏览	5	3443
歹徒	6	3444
动画片	5	3445
斑	6	3446
疲倦	6	3447
醋	5	3448
政权	6	3449
司令	6	3450
故乡	6	3451
反射	6	3452
内幕	6	3453
反驳	6	3454
常识	5	3455
印刷	5	3456
贫困	6	3457
迫害	6	3458
缺席	6	3459
诸位	6	3460
描绘	6	3461
窜	6	3462
粥	6	3463
锤	6	3464
胶水	5	3465
平行	6	3466
干预	6	3467
惯例	6	3468
照样	6	3469
鞠躬	6	3470
种类	5	3471
进口	5	3472
融洽	6	3473
池塘	5	3474
理发	4	3475
主张	5	3476
搂	6	3477
较量	6	3478
做主	6	3479
揉	6	3480
向导	6	3481
冻结	6	3482
熄灭	6	3483
坦率	5	3484
操场	5	3485
北京	1	3486
生动	5	3487
考察	6	3488
裁缝	6	3489
放射	6	3490
淹没	6	3491
光辉	6	3492
素食	6	3493
上当	5	3494
合伙	6	3495
公务	6	3496
鄙视	6	3497
用途	5	3498
屑	6	3499
打官司	6	3500
触犯	6	3501
风光	6	3502
要点	6	3503
中文	3	3504
失眠	5	3505
钢铁	5	3506
整齐	5	3507
伺候	6	3508
疲劳	5	3509
断绝	6	3510
不妨	6	3511
构思	6	3512
款待	6	3513
模范	6	3514
捎	6	3515
罚款	5	3516
轮流	5	3517
商务	5	3518
心血	6	3519
失事	6	3520
呻吟	6	3521
注重	6	3522
孤立	6	3523
复印	4	3524
不堪	6	3525
胜负	6	3526
遵循	6	3527
掠夺	6	3528
粗糙	5	3529
殖民地	6	3530
喘气	6	3531
精通	6	3532
秋	3	3533
气象	6	3534
麻木	6	3535
词语	4	3536
刊登	6	3537
延伸	6	3538
奢侈	6	3539
溪	6	3540
挫折	6	3541
启示	6	3542
手艺	6	3543
步伐	6	3544
动态	6	3545
遍布	6	3546
决策	6	3547
疏忽	6	3548
键盘	5	3549
饶恕	6	3550
藐视	6	3551
连锁	6	3552
贝壳	6	3553
虚假	6	3554
坠	6	3555
叉子	5	3556
乞丐	6	3557
施展	6	3558
紧迫	6	3559
衷心	6	3560
巧妙	5	3561
沸腾	6	3562
习俗	6	3563
草率	6	3564
想方设法	6	3565
冒充	6	3566
充实	6	3567
备份	6	3568
储备	6	3569
下属	6	3570
迫切	5	3571
纠纷	6	3572
观光	6	3573
周边	6	3574
表扬	4	3575
渗透	6	3576
领事馆	6	3577
单元	5	3578
领土	6	3579
宣扬	6	3580
颁发	6	3581
打针	4	3582
向往	6	3583
起草	6	3584
智能	6	3585
苗条	5	3586
未必	5	3587
妥当	6	3588
起源	6	3589
描写	5	3590
侥幸	6	3591
熬夜	5	3592
丝绸	5	3593
经费	6	3594
施加	6	3595
普遍	4	3596
美满	6	3597
顾虑	6	3598
幸亏	5	3599
收缩	6	3600
原料	5	3601
繁殖	6	3602
被子	5	3603
大致	6	3604
应用	5	3605
堵塞	6	3606
圆满	6	3607
征求	5	3608
钦佩	6	3609
词汇	5	3610
树立	6	3611
货币	6	3612
完善	5	3613
便条	6	3614
不得已	6	3615
表态	6	3616
维生素	6	3617
沐浴	6	3618
堵车	4	3619
主导	6	3620
海鲜	5	3621
反馈	6	3622
步骤	5	3623
冷却	6	3624
协商	6	3625
大臣	6	3626
叶子	4	3627
管辖	6	3628
皱纹	6	3629
武术	5	3630
平方	5	3631
山脉	6	3632
起伏	6	3633
笼罩	6	3634
学术	5	3635
派遣	6	3636
打折	4	3637
偏僻	6	3638
潮湿	5	3639
间接	6	3640
扩张	6	3641
众所周知	6	3642
调节	6	3643
持久	6	3644
话筒	6	3645
共鸣	6	3646
债券	6	3647
句子	3	3648
掰	6	3649
崇高	6	3650
坚固	6	3651
务必	6	3652
撇	6	3653
差距	5	3654
攒	6	3655
悲观	5	3656
排列	4	3657
重心	6	3658
称号	6	3659
推广	5	3660
粮食	5	3661
微不足道	6	3662
方圆	6	3663
慎重	6	3664
调动	6	3665
预兆	6	3666
促使	5	3667
埋怨	6	3668
选拔	6	3669
筹备	6	3670
追究	6	3671
空闲	5	3672
国防	6	3673
叙述	5	3674
配偶	6	3675
联想	6	3676
抵制	6	3677
巷	6	3678
小气	5	3679
前景	6	3680
示威	6	3681
行列	6	3682
漂浮	6	3683
难免	5	3684
废除	6	3685
敏捷	6	3686
四肢	6	3687
寂静	6	3688
器材	6	3689
恨不得	6	3690
干燥	5	3691
计较	6	3692
闪烁	6	3693
嗅觉	6	3694
丰盛	6	3695
制裁	6	3696
过滤	6	3697
渺小	6	3698
议论	5	3699
胡乱	6	3700
人事	5	3701
加工	6	3702
行李箱	3	3703
振奋	6	3704
特长	6	3705
分泌	6	3706
改正	5	3707
腐蚀	6	3708
瘸	6	3709
相应	6	3710
初级	5	3711
借助	6	3712
倾斜	6	3713
高峰	6	3714
启程	6	3715
流露	6	3716
冤枉	6	3717
机动	6	3718
遗失	6	3719
气概	6	3720
承办	6	3721
事迹	6	3722
混淆	6	3723
长途	5	3724
急诊	5	3725
优惠	5	3726
倒闭	6	3727
富裕	6	3728
逼迫	6	3729
礼节	6	3730
之际	6	3731
书籍	6	3732
表决	6	3733
平原	6	3734
皮革	6	3735
和蔼	6	3736
广泛	5	3737
美术	5	3738
枯燥	6	3739
惦记	6	3740
品种	6	3741
衰老	6	3742
正规	6	3743
盛	6	3744
记性	6	3745
公告	6	3746
粉末	6	3747
掀起	6	3748
调皮	5	3749
窄	5	3750
讲座	5	3751
平面	6	3752
斜	5	3753
光滑	5	3754
转达	6	3755
嚷	6	3756
爱戴	6	3757
册	5	3758
凉快	4	3759
冷淡	5	3760
心态	6	3761
种植	6	3762
诚恳	5	3763
探讨	6	3764
空洞	6	3765
关怀	6	3766
支柱	6	3767
熟练	5	3768
猛烈	6	3769
贬低	6	3770
国务院	6	3771
塑料袋	4	3772
胸膛	6	3773
胡须	6	3774
辫子	6	3775
宽敞	6	3776
体谅	6	3777
民间	6	3778
受罪	6	3779
无动于衷	6	3780
繁忙	6	3781
商标	6	3782
过渡	6	3783
见解	6	3784
凑合	6	3785
健全	6	3786
乙	5	3787
定期	6	3788
风味	6	3789
熨	6	3790
根源	6	3791
导游	4	3792
濒临	6	3793
中立	6	3794
台风	6	3795
急切	6	3796
面积	5	3797
西瓜	2	3798
办理	5	3799
开展	6	3800
谅解	6	3801
自主	6	3802
农业	5	3803
犹如	6	3804
大肆	6	3805
合影	5	3806
畅销	6	3807
徒弟	6	3808
断定	6	3809
不时	6	3810
款式	6	3811
肖像	6	3812
修建	6	3813
照耀	6	3814
舍不得	5	3815
储蓄	6	3816
小心翼翼	6	3817
平庸	6	3818
可口	6	3819
交际	5	3820
橙	6	3821
懒惰	6	3822
盘旋	6	3823
趋势	5	3824
弹性	6	3825
糟蹋	6	3826
默默	6	3827
题材	6	3828
生锈	6	3829
繁荣	5	3830
主观	5	3831
文物	6	3832
格外	5	3833
个体	6	3834
海滨	6	3835
叼	6	3836
陶醉	6	3837
赠送	6	3838
凡是	6	3839
庄稼	6	3840
小吃	4	3841
小麦	5	3842
就职	6	3843
委员	6	3844
二氧化碳	6	3845
演变	6	3846
轮廓	6	3847
慌张	5	3848
灵敏	6	3849
本领	5	3850
规范	6	3851
烘	6	3852
分明	6	3853
晋升	6	3854
分布	5	3855
梳子	5	3856
境界	6	3857
恰巧	6	3858
钩子	6	3859
口头	6	3860
气压	6	3861
西红柿	4	3862
创立	6	3863
不禁	6	3864
老百姓	5	3865
庄严	6	3866
情理	6	3867
招聘	4	3868
严峻	6	3869
剧烈	6	3870
促进	5	3871
任性	6	3872
驻扎	6	3873
辛勤	6	3874
充当	6	3875
君子	6	3876
含糊	6	3877
蹬	6	3878
气势	6	3879
不愧	6	3880
呼吁	6	3881
反面	6	3882
卓越	6	3883
搁	6	3884
坚硬	6	3885
桔子	5	3886
潇洒	6	3887
公然	6	3888
筷子	3	3889
当代	6	3890
姥姥	5	3891
筛选	6	3892
周期	6	3893
过瘾	6	3894
资本	6	3895
领悟	6	3896
高超	6	3897
中介	5	3898
素质	6	3899
逢	6	3900
资深	6	3901
齐心协力	6	3902
实质	6	3903
丙	6	3904
文凭	6	3905
高涨	6	3906
寄托	6	3907
安详	6	3908
上任	6	3909
论坛	6	3910
节约	4	3911
顽强	6	3912
爱护	5	3913
通用	6	3914
名额	6	3915
郑重	6	3916
蔑视	6	3917
硕士	4	3918
拥护	6	3919
鉴别	6	3920
谜语	6	3921
仓促	6	3922
桥梁	6	3923
著作	6	3924
丑恶	6	3925
采纳	6	3926
片断	6	3927
钙	6	3928
搅拌	6	3929
采购	6	3930
被动	6	3931
践踏	6	3932
密度	6	3933
甭	6	3934
柔和	6	3935
机智	6	3936
开幕式	5	3937
勤奋	5	3938
寻觅	6	3939
人道	6	3940
花瓣	6	3941
大意	6	3942
走漏	6	3943
领会	6	3944
恰到好处	6	3945
字幕	5	3946
推论	6	3947
开阔	6	3948
调料	6	3949
精华	6	3950
配备	6	3951
座右铭	6	3952
外行	6	3953
自觉	5	3954
实用	5	3955
皮鞋	3	3956
飞跃	6	3957
颠簸	6	3958
阵地	6	3959
土壤	6	3960
支出	6	3961
凝视	6	3962
标本	6	3963
生态	6	3964
理睬	6	3965
留神	6	3966
兑换	5	3967
分量	6	3968
象棋	5	3969
信誉	6	3970
傍晚	5	3971
对策	6	3972
黄昏	6	3973
挥霍	6	3974
照常	5	3975
泄气	6	3976
哨	6	3977
形态	6	3978
私自	6	3979
请教	6	3980
杂技	6	3981
遗留	6	3982
精密	6	3983
薄弱	6	3984
还原	6	3985
牢固	6	3986
遭殃	6	3987
全局	6	3988
削弱	6	3989
元宵节	6	3990
一度	6	3991
提拔	6	3992
瓦解	6	3993
人为	6	3994
以致	6	3995
显著	6	3996
得力	6	3997
晾	6	3998
夹子	5	3999
神仙	6	4000
告辞	6	4001
烟花爆竹	6	4002
结晶	6	4003
用功	5	4004
悔恨	6	4005
波浪	6	4006
可观	6	4007
垂直	6	4008
讲究	5	4009
裁员	6	4010
数额	6	4011
尖锐	6	4012
请柬	6	4013
齐全	6	4014
振动	5	4015
陶瓷	6	4016
诚挚	6	4017
公式	6	4018
巢穴	6	4019
局部	6	4020
指南针	6	4021
缩短	5	4022
未免	6	4023
胆怯	6	4024
不耐烦	5	4025
来历	6	4026
寺庙	6	4027
雕刻	6	4028
单调	5	4029
爬山	3	4030
规章	6	4031
阶层	6	4032
搓	6	4033
腐朽	6	4034
悬念	6	4035
公认	6	4036
内涵	6	4037
发票	5	4038
阻挠	6	4039
间隔	6	4040
补贴	6	4041
告诫	6	4042
总而言之	6	4043
轻视	5	4044
源泉	6	4045
交涉	6	4046
慢性	6	4047
乒乓球	4	4048
歪曲	6	4049
保养	6	4050
沉闷	6	4051
课题	6	4052
牲畜	6	4053
涮火锅	6	4054
留恋	6	4055
学历	5	4056
岛屿	5	4057
物资	6	4058
立体	6	4059
调解	6	4060
衰退	6	4061
半途而废	6	4062
时差	5	4063
沉思	6	4064
巴不得	6	4065
档次	6	4066
变质	6	4067
对应	6	4068
主流	6	4069
剥削	6	4070
株	6	4071
舆论	6	4072
黑板	3	4073
航天	6	4074
酝酿	6	4075
水龙头	6	4076
争端	6	4077
跟前	6	4078
咀嚼	6	4079
无理取闹	6	4080
桨	6	4081
编织	6	4082
愣	6	4083
诬陷	6	4084
弥漫	6	4085
捆绑	6	4086
积累	4	4087
容貌	6	4088
艰巨	5	4089
敷衍	6	4090
截止	6	4091
趣味	6	4092
报销	6	4093
考古	6	4094
阻拦	6	4095
广阔	6	4096
天然气	6	4097
容纳	6	4098
纷纷	5	4099
竹子	5	4100
传授	6	4101
羊肉	2	4102
长辈	5	4103
应聘	4	4104
朗读	5	4105
租赁	6	4106
破例	6	4107
名副其实	6	4108
橡皮	4	4109
生机	6	4110
局限	6	4111
候选	6	4112
矿泉水	4	4113
正宗	6	4114
连同	6	4115
就业	6	4116
闲话	6	4117
上游	6	4118
和睦	6	4119
宗旨	6	4120
响应	6	4121
拘束	6	4122
开朗	6	4123
抱负	6	4124
停顿	6	4125
凝固	6	4126
干劲	6	4127
打喷嚏	5	4128
口腔	6	4129
长城	4	4130
晴朗	6	4131
专程	6	4132
一再	5	4133
窍门	6	4134
溶解	6	4135
福气	6	4136
缠绕	6	4137
日益	6	4138
传记	6	4139
贪污	6	4140
更正	6	4141
语法	4	4142
对称	6	4143
盈利	6	4144
缓和	6	4145
秃	6	4146
行人	5	4147
力所能及	6	4148
从容	6	4149
叹气	6	4150
沉着	6	4151
晴	2	4152
暧昧	6	4153
惋惜	6	4154
开采	6	4155
独裁	6	4156
再三	5	4157
可见	5	4158
优越	6	4159
样式	5	4160
鲜明	6	4161
酱油	5	4162
刻苦	5	4163
条理	6	4164
文雅	6	4165
包庇	6	4166
礼拜天	4	4167
灰心	5	4168
直径	6	4169
悠久	5	4170
吝啬	6	4171
滋润	6	4172
昔日	6	4173
心甘情愿	6	4174
作文	5	4175
成效	6	4176
狭窄	6	4177
性能	6	4178
无奈	5	4179
要素	6	4180
勇于	6	4181
拼搏	6	4182
无忧无虑	6	4183
向来	6	4184
一帆风顺	6	4185
孕育	6	4186
奔波	6	4187
宏伟	6	4188
庄重	6	4189
细致	6	4190
茫茫	6	4191
绣	6	4192
事项	6	4193
结账	5	4194
摧残	6	4195
田野	6	4196
陈旧	6	4197
凝聚	6	4198
运算	6	4199
岳母	6	4200
因而	5	4201
动员	6	4202
攀登	6	4203
牢骚	6	4204
寿命	5	4205
游览	5	4206
流通	6	4207
疼爱	5	4208
批判	6	4209
硬件	5	4210
尖端	6	4211
体积	6	4212
复兴	6	4213
夕阳	6	4214
急躁	6	4215
节制	6	4216
思索	6	4217
次序	6	4218
率领	6	4219
发炎	6	4220
随手	5	4221
谦逊	6	4222
现成	6	4223
缺口	6	4224
愚昧	6	4225
展望	6	4226
无非	6	4227
抽象	5	4228
嫂子	6	4229
屏障	6	4230
才干	6	4231
乐谱	6	4232
惊动	6	4233
滔滔不绝	6	4234
委屈	5	4235
迟疑	6	4236
书架	5	4237
逐步	5	4238
试卷	5	4239
迁徙	6	4240
茫然	6	4241
曲折	6	4242
压缩	6	4243
觉醒	6	4244
巩固	6	4245
深沉	6	4246
示意	6	4247
农村	5	4248
索取	6	4249
押金	5	4250
阐述	6	4251
适宜	6	4252
请帖	6	4253
培育	6	4254
泛滥	6	4255
停滞	6	4256
败坏	6	4257
充电器	5	4258
耗费	6	4259
严禁	6	4260
过问	6	4261
方言	6	4262
除夕	5	4263
公元	5	4264
饺子	4	4265
奥秘	6	4266
插座	6	4267
权衡	6	4268
焦急	6	4269
若干	6	4270
响亮	6	4271
划分	6	4272
牵制	6	4273
打量	6	4274
表彰	6	4275
转折	6	4276
退步	5	4277
炎热	6	4278
应酬	6	4279
对立	6	4280
敬业	6	4281
汹涌	6	4282
背诵	6	4283
增添	6	4284
毅力	6	4285
自卑	6	4286
盛开	6	4287
拔苗助长	6	4288
附属	6	4289
风俗	5	4290
当务之急	6	4291
坚实	6	4292
指标	6	4293
启事	6	4294
概括	5	4295
譬如	6	4296
后勤	6	4297
隔阂	6	4298
腹泻	6	4299
庸俗	6	4300
妥善	6	4301
果实	5	4302
国籍	4	4303
面貌	6	4304
相差	6	4305
凶恶	6	4306
重叠	6	4307
雌雄	6	4308
售货员	4	4309
深奥	6	4310
次要	5	4311
周密	6	4312
铸造	6	4313
投掷	6	4314
优异	6	4315
急剧	6	4316
出息	6	4317
枯萎	6	4318
往返	5	4319
好客	5	4320
专题	6	4321
摸索	6	4322
致辞	6	4323
转让	6	4324
鼓动	6	4325
范畴	6	4326
排放	6	4327
固体	6	4328
伯母	6	4329
雪上加霜	6	4330
提倡	5	4331
着凉	5	4332
田径	6	4333
翻译	4	4334
迁就	6	4335
作废	6	4336
利害	6	4337
饲养	6	4338
博览会	6	4339
流利	4	4340
舟	6	4341
勤劳	6	4342
改良	6	4343
腥	6	4344
解体	6	4345
布局	6	4346
轮船	6	4347
不像话	6	4348
规格	6	4349
统筹兼顾	6	4350
简化	6	4351
粗心	4	4352
反思	6	4353
阵容	6	4354
果断	6	4355
发愁	5	4356
唯独	6	4357
简陋	6	4358
拐弯	5	4359
提炼	6	4360
分红	6	4361
发呆	6	4362
地质	6	4363
团圆	6	4364
附件	6	4365
里程碑	6	4366
投机	6	4367
荒凉	6	4368
格式	6	4369
空想	6	4370
凄凉	6	4371
清澈	6	4372
筐	6	4373
狼狈	6	4374
能干	5	4375
号召	6	4376
看不起	5	4377
方针	6	4378
嘈杂	6	4379
致使	6	4380
干旱	6	4381
切实	6	4382
无精打采	6	4383
化石	6	4384
颁布	6	4385
参照	6	4386
广大	5	4387
爽快	6	4388
丰收	6	4389
抹杀	6	4390
修养	6	4391
压榨	6	4392
董事长	6	4393
威风	6	4394
配套	6	4395
秤	6	4396
感兴趣	3	4397
迸发	6	4398
幅度	6	4399
逝世	6	4400
英明	6	4401
整顿	6	4402
简要	6	4403
开明	6	4404
总和	6	4405
均匀	5	4406
隐患	6	4407
省略	5	4408
狭隘	6	4409
申报	6	4410
真挚	6	4411
垄断	6	4412
功效	6	4413
本钱	6	4414
接连	6	4415
新陈代谢	6	4416
岔	6	4417
参谋	6	4418
动荡	6	4419
亚军	6	4420
吃力	6	4421
摄氏度	6	4422
主办	6	4423
柴油	6	4424
滞留	6	4425
主权	6	4426
惹祸	6	4427
充沛	6	4428
虚荣	6	4429
会晤	6	4430
治理	6	4431
勾结	6	4432
吃亏	5	4433
媳妇	6	4434
湿润	5	4435
结算	6	4436
无偿	6	4437
唾弃	6	4438
畅通	6	4439
坚韧	6	4440
悬挂	6	4441
斯文	6	4442
海拔	6	4443
眯	6	4444
生疏	6	4445
盛行	6	4446
养成	4	4447
学问	5	4448
堆积	6	4449
鲜艳	5	4450
创业	6	4451
派别	6	4452
意向	6	4453
伤脑筋	6	4454
空隙	6	4455
攻克	6	4456
觉悟	6	4457
内科	5	4458
自发	6	4459
为期	6	4460
别致	6	4461
狠心	6	4462
开拓	6	4463
和气	6	4464
媒介	6	4465
端正	6	4466
文献	6	4467
通货膨胀	6	4468
对照	6	4469
崇敬	6	4470
处分	6	4471
港湾	6	4472
不见得	5	4473
马虎	4	4474
冷落	6	4475
科目	6	4476
暂且	6	4477
赞叹	6	4478
点缀	6	4479
一丝不苟	6	4480
歌颂	6	4481
杂交	6	4482
耸	6	4483
霸道	6	4484
嘱咐	6	4485
苦涩	6	4486
眼色	6	4487
威信	6	4488
迟缓	6	4489
有条不紊	6	4490
光盘	5	4491
栏目	6	4492
慰问	6	4493
一目了然	6	4494
浸泡	6	4495
孝顺	5	4496
世代	6	4497
兴高采烈	6	4498
时事	6	4499
倔强	6	4500
新颖	6	4501
俯视	6	4502
停泊	6	4503
自力更生	6	4504
灯笼	6	4505
物业	6	4506
家喻户晓	6	4507
丛	6	4508
靠拢	6	4509
朴素	6	4510
踏实	6	4511
周折	6	4512
开辟	6	4513
淡水	6	4514
杠杆	6	4515
立足	6	4516
请示	6	4517
声调	5	4518
框架	6	4519
词典	3	4520
狼吞虎咽	6	4521
百分之	4	4522
肆无忌惮	6	4523
盛情	6	4524
平坦	6	4525
冰雹	6	4526
确立	6	4527
进而	6	4528
工艺品	6	4529
随即	6	4530
时而	6	4531
赤字	6	4532
精简	6	4533
散文	6	4534
品德	6	4535
便于	6	4536
倘若	6	4537
埋没	6	4538
草案	6	4539
灾害	5	4540
疙瘩	6	4541
偏差	6	4542
爱惜	5	4543
汉语	1	4544
普通话	4	4545
繁华	6	4546
陆续	5	4547
母语	6	4548
装卸	6	4549
国庆节	5	4550
雄伟	6	4551
通俗	6	4552
衬托	6	4553
以至	6	4554
考核	6	4555
举足轻重	6	4556
大体	6	4557
油腻	6	4558
隐约	6	4559
灌溉	6	4560
注释	6	4561
摘要	6	4562
调和	6	4563
变故	6	4564
一律	5	4565
不相上下	6	4566
姑且	6	4567
发扬	6	4568
论证	6	4569
反问	6	4570
争气	6	4571
天文	6	4572
误差	6	4573
锦上添花	6	4574
立方	6	4575
播种	6	4576
问世	6	4577
加剧	6	4578
书法	6	4579
钻研	6	4580
波涛	6	4581
千方百计	6	4582
追悼	6	4583
上进	6	4584
寒暄	6	4585
伶俐	6	4586
萌芽	6	4587
陈列	6	4588
力求	6	4589
镶嵌	6	4590
胸怀	6	4591
无穷无尽	6	4592
片面	5	4593
巴结	6	4594
赤道	6	4595
不屑一顾	6	4596
占线	4	4597
拄	6	4598
心疼	6	4599
登机牌	4	4600
心得	6	4601
操劳	6	4602
督促	6	4603
湖泊	6	4604
清淡	5	4605
开水	5	4606
鞭炮	5	4607
盖章	6	4608
遏制	6	4609
椭圆	6	4610
着重	6	4611
刊物	6	4612
昼夜	6	4613
迎面	6	4614
吹捧	6	4615
颈椎	6	4616
章程	6	4617
神气	6	4618
舒畅	6	4619
栽培	6	4620
不言而喻	6	4621
倡导	6	4622
名次	6	4623
敌视	6	4624
招收	6	4625
变迁	6	4626
诧异	6	4627
渔民	6	4628
馒头	5	4629
列举	6	4630
佳肴	6	4631
包子	4	4632
成心	6	4633
公证	6	4634
导向	6	4635
制约	6	4636
托运	6	4637
啰唆	6	4638
亏待	6	4639
忌讳	6	4640
魄力	6	4641
顿时	6	4642
朴实	6	4643
涌现	6	4644
相声	6	4645
呼啸	6	4646
固然	6	4647
吉祥	6	4648
鞭策	6	4649
索性	6	4650
扇子	5	4651
慈祥	6	4652
兴旺	6	4653
学说	6	4654
家常	6	4655
羽毛球	4	4656
周转	6	4657
蔚蓝	6	4658
借鉴	6	4659
答辩	6	4660
茎	6	4661
讥笑	6	4662
壮丽	6	4663
经商	5	4664
反之	6	4665
分寸	6	4666
纺织	6	4667
文艺	6	4668
飘扬	6	4669
威望	6	4670
截至	6	4671
壮烈	6	4672
夹杂	6	4673
旷课	6	4674
纵横	6	4675
历来	6	4676
启蒙	6	4677
俗话	6	4678
悬殊	6	4679
拟定	6	4680
留学	3	4681
与其	5	4682
梢	6	4683
搀	6	4684
恭敬	6	4685
沿海	6	4686
喧哗	6	4687
畔	6	4688
蕴藏	6	4689
棍棒	6	4690
寓言	6	4691
哺乳	6	4692
操练	6	4693
贯彻	6	4694
污蔑	6	4695
相等	6	4696
归根到底	6	4697
多元化	6	4698
起哄	6	4699
逆行	6	4700
留念	6	4701
斟酌	6	4702
承包	6	4703
落成	6	4704
亏损	6	4705
批发	6	4706
扎实	6	4707
日用品	5	4708
严寒	6	4709
挑拨	6	4710
贬义	6	4711
固有	6	4712
书记	6	4713
合算	6	4714
自满	6	4715
力争	6	4716
饱和	6	4717
中旬	5	4718
次品	6	4719
陡峭	6	4720
干活儿	5	4721
涂抹	6	4722
谢绝	6	4723
胡同	5	4724
地势	6	4725
法人	6	4726
职能	6	4727
洽谈	6	4728
格局	6	4729
浓厚	6	4730
舰艇	6	4731
花蕾	6	4732
荤	6	4733
剪彩	6	4734
及早	6	4735
根深蒂固	6	4736
遮挡	6	4737
衣裳	6	4738
哆嗦	6	4739
检讨	6	4740
再接再厉	6	4741
实惠	6	4742
教材	5	4743
茂盛	6	4744
辽阔	6	4745
肥沃	6	4746
兴隆	6	4747
并列	6	4748
无微不至	6	4749
挎	6	4750
势必	6	4751
空前绝后	6	4752
爱不释手	6	4753
零星	6	4754
本科	5	4755
志气	6	4756
兢兢业业	6	4757
吞吞吐吐	6	4758
风气	6	4759
与日俱增	6	4760
怠慢	6	4761
美观	6	4762
耐用	6	4763
热泪盈眶	6	4764
衔接	6	4765
弊端	6	4766
文具	5	4767
鼠标	5	4768
雄厚	6	4769
应邀	6	4770
神态	6	4771
见义勇为	6	4772
取缔	6	4773
称心如意	6	4774
磨合	6	4775
煤炭	5	4776
调剂	6	4777
屡次	6	4778
气魄	6	4779
盛产	6	4780
扩充	6	4781
声势	6	4782
附和	6	4783
短促	6	4784
化肥	6	4785
落实	6	4786
防治	6	4787
急忙	5	4788
馋	6	4789
勘探	6	4790
杜绝	6	4791
效益	6	4792
谋求	6	4793
推辞	5	4794
征收	6	4795
就近	6	4796
熏陶	6	4797
儒家	6	4798
倡议	6	4799
成语	5	4800
天伦之乐	6	4801
验收	6	4802
水利	6	4803
循序渐进	6	4804
作息	6	4805
缴纳	6	4806
繁体字	6	4807
争先恐后	6	4808
普及	6	4809
层出不穷	6	4810
聋哑	6	4811
宁肯	6	4812
珍稀	6	4813
立交桥	6	4814
东张西望	6	4815
完备	6	4816
实事求是	6	4817
提纲	5	4818
吃苦	6	4819
磋商	6	4820
急功近利	6	4821
元旦	5	4822
闭塞	6	4823
丘陵	6	4824
恍然大悟	6	4825
贫乏	6	4826
汇率	5	4827
审美	6	4828
叮嘱	6	4829
华裔	5	4830
烤鸭	4	4831
盆地	6	4832
奠定	6	4833
瞻仰	6	4834
骨干	6	4835
物美价廉	6	4836
矿产	6	4837
服气	6	4838
亭子	6	4839
近代	5	4840
支流	6	4841
一举两得	6	4842
耕地	6	4843
画蛇添足	6	4844
共计	6	4845
见多识广	6	4846
招标	6	4847
兴致勃勃	6	4848
园林	6	4849
刹那	6	4850
娇气	6	4851
粘贴	5	4852
稿件	6	4853
不敢当	6	4854
刮风	3	4855
沉淀	6	4856
不由得	6	4857
后顾之忧	6	4858
寒假	4	4859
稠密	6	4860
封建	6	4861
拼音	5	4862
感慨	6	4863
依托	6	4864
黄河	3	4865
挺拔	6	4866
砍伐	6	4867
据悉	6	4868
霞	6	4869
昌盛	6	4870
布告	6	4871
逐年	6	4872
得不偿失	6	4873
挂号	5	4874
刻不容缓	6	4875
长江	4	4876
把关	6	4877
贤惠	6	4878
虚心	5	4879
欣欣向荣	6	4880
供不应求	6	4881
精打细算	6	4882
日新月异	6	4883
聚精会神	6	4884
尺子	5	4885
优胜劣汰	6	4886
标点	5	4887
比重	6	4888
炉灶	6	4889
出神	6	4890
须知	6	4891
不免	6	4892
堤坝	6	4893
振兴	6	4894
凹凸	6	4895
乡镇	6	4896
废寝忘食	6	4897
纲领	6	4898
正月	6	4899
边疆	6	4900
归纳	5	4901
潜移默化	6	4902
斩钉截铁	6	4903
宏观	6	4904
太极拳	5	4905
朝代	6	4906
预习	4	4907
微观	6	4908
毅然	6	4909
序言	6	4910
清真	6	4911
正气	6	4912
廉洁	6	4913
难能可贵	6	4914
历代	6	4915
淡季	6	4916
气功	6	4917
辩证	6	4918
锲而不舍	6	4919
风土人情	6	4920
豪迈	6	4921
礼尚往来	6	4922
船舶	6	4923
尚且	6	4924
省会	6	4925
人民币	5	4926
任重道远	6	4927
朝气蓬勃	6	4928
不料	6	4929
弊病	6	4930
查获	6	4931
体裁	6	4932
外向	6	4933
见闻	6	4934
稻谷	6	4935
举世瞩目	6	4936
过奖	6	4937
川流不息	6	4938
混浊	6	4939
压岁钱	6	4940
精益求精	6	4941
籍贯	6	4942
鸦雀无声	6	4943
悬崖峭壁	6	4944
苦尽甘来	6	4945
急于求成	6	4946
填空	4	4947
南辕北辙	6	4948
连年	6	4949
公安局	6	4950
拜年	6	4951
名胜古迹	5	4952
知足常乐	6	4953
津津有味	6	4954
诞辰	6	4955
乌黑	6	4956
络绎不绝	6	4957
季军	6	4958
相辅相成	6	4959
旗袍	6	4960
各抒己见	6	4961
泰斗	6	4962
勉励	6	4963
正负	6	4964
馅儿	6	4965
生肖	6	4966
联欢	6	4967
沾光	6	4968
侃侃而谈	6	4969
畜牧	6	4970
理直气壮	6	4971
勤俭	6	4972
炊烟	6	4973
恳切	6	4974
纪要	6	4975
喜闻乐见	6	4976
东道主	6	4977
递增	6	4978
羽绒服	6	4979
经纬	6	4980
踊跃	6	4981
博大精深	6	4982
农历	6	4983
温带	6	4984
得天独厚	6	4985
饱经沧桑	6	4986
连忙	5	4987
华侨	6	4988
将就	6	4989
端午节	6	4990
武侠	6	4991
深情厚谊	6	4992
飞禽走兽	6	4993
京剧	4	4994
对联	6	4995
